n_test,n_finite,R2,RMSE,MAE,Pearson,Spearman,Top20_precision,valid_prediction,model,evaluation,target_scale,repeat,split_name,n_support,n_query
104,104,-3094.926370042458,16.061444850487,16.048456237714092,-0.27864582133441956,-0.27818989378863374,0.0,True,maml,A_zero_shot_all_inhouse,inhouse_percentile,0,all_rows,0,104
104,104,-2419.5187390556434,14.201804297876704,14.190318355041269,-0.45797739044009017,-0.4855560720874232,0.0,True,fomaml,A_zero_shot_all_inhouse,inhouse_percentile,0,all_rows,0,104
104,104,-2504.2329657636947,14.448187135470878,14.444148787933115,0.3869750841688123,0.2833274209093974,0.14285714285714285,True,metasgd,A_zero_shot_all_inhouse,inhouse_percentile,0,all_rows,0,104
104,104,-73719.57563158902,78.37610159062724,78.37448831689723,0.5739267637538198,0.5272417864610699,0.3333333333333333,True,supervised_ann,A_zero_shot_all_inhouse,inhouse_percentile,0,all_rows,0,104
21,21,-4.431375132470074e+21,15186410496.475,15186410496.474998,,,0.4,True,maml,B_fewshot_adapt_support_to_query,raw_inhouse_target,0,random_repeated,83,21
21,21,-1.0347229422696174e+19,949872576.4830585,949872576.4830586,,,0.4,True,maml,B_fewshot_adapt_support_to_query,inhouse_percentile,0,random_repeated,83,21
21,21,-2.5135780789088535e+19,1143752527.7387443,1143752527.713096,0.15950342545013593,0.14770978917519928,0.2,True,fomaml,B_fewshot_adapt_support_to_query,raw_inhouse_target,0,random_repeated,83,21
21,21,-5.724029958200583e+38,7.064871372714892e+18,7.041820413750861e+18,0.4546781907199461,0.4,0.2,True,fomaml,B_fewshot_adapt_support_to_query,inhouse_percentile,0,random_repeated,83,21
21,21,-2.9080105327109525e+54,3.8903069081883105e+26,3.874204866887492e+26,0.5641667365491929,0.5506493506493506,0.2,True,metasgd,B_fewshot_adapt_support_to_query,raw_inhouse_target,0,random_repeated,83,21
21,21,-9.86384655629321e+25,2932759592960.483,2932759592960.483,,,0.4,True,metasgd,B_fewshot_adapt_support_to_query,inhouse_percentile,0,random_repeated,83,21
21,21,-0.6240956863842464,0.29073122835794685,0.2551274305899255,0.5142520689309066,0.348051948051948,0.2,True,supervised_ann,B_fewshot_adapt_support_to_query,raw_inhouse_target,0,random_repeated,83,21
21,21,0.1800615993783029,0.2673892378798169,0.23102710617794878,0.4429656112902499,0.4805194805194805,0.2,True,supervised_ann,B_fewshot_adapt_support_to_query,inhouse_percentile,0,random_repeated,83,21
21,21,-1.4822494620241089e+19,648796032.4870219,648796032.4870219,,,0.0,True,maml,B_fewshot_adapt_support_to_query,raw_inhouse_target,1,random_repeated,83,21
21,21,-1.8409613653809632e+23,97897603072.48901,97897603072.48901,,,0.0,True,maml,B_fewshot_adapt_support_to_query,inhouse_percentile,1,random_repeated,83,21
21,21,-3.9350972513981645e+35,1.0571223859511992e+17,1.0313559350351658e+17,0.539058407906147,0.525974025974026,0.4,True,fomaml,B_fewshot_adapt_support_to_query,raw_inhouse_target,1,random_repeated,83,21
21,21,-1.0999283388159024e+38,2.3929405940044524e+18,2.3886468241293563e+18,0.42344771120204827,0.4079246723751371,0.4,True,fomaml,B_fewshot_adapt_support_to_query,inhouse_percentile,1,random_repeated,83,21
21,21,-1.5014225586364954e+26,2064899899392.4873,2064899899392.487,,,0.0,True,metasgd,B_fewshot_adapt_support_to_query,raw_inhouse_target,1,random_repeated,83,21
21,21,-1.7189801714693013e+54,2.9914734655024646e+26,2.985674993497574e+26,0.41304309198648886,0.3818181818181818,0.4,True,metasgd,B_fewshot_adapt_support_to_query,inhouse_percentile,1,random_repeated,83,21
21,21,-1.673819109431037,0.2755583312977178,0.2300154907863583,0.6369240497317324,0.5857142857142857,0.4,True,supervised_ann,B_fewshot_adapt_support_to_query,raw_inhouse_target,1,random_repeated,83,21
21,21,-0.624181208281869,0.29078162694997894,0.2410118104446502,0.6540787899224116,0.6064935064935064,0.8,True,supervised_ann,B_fewshot_adapt_support_to_query,inhouse_percentile,1,random_repeated,83,21
21,21,-1.6804741452312454e+22,29188190208.49242,29188190208.49242,,,0.2,True,maml,B_fewshot_adapt_support_to_query,raw_inhouse_target,2,random_repeated,83,21
21,21,-1.7079326070478476e+24,394670211072.5059,394670211072.5059,,,0.2,True,maml,B_fewshot_adapt_support_to_query,inhouse_percentile,2,random_repeated,83,21
21,21,-2.932058718481783e+17,121920737.73452307,121920733.4448024,0.15866343168588987,0.2420824159328721,0.0,True,fomaml,B_fewshot_adapt_support_to_query,raw_inhouse_target,2,random_repeated,83,21
21,21,-1.138250375018671e+17,101886790.99273148,101886787.17261904,0.16602538528325858,0.2420824159328721,0.0,True,fomaml,B_fewshot_adapt_support_to_query,inhouse_percentile,2,random_repeated,83,21
21,21,-6.881682998754256e+49,1.8678353127478146e+24,1.863438856808092e+24,0.526753560368705,0.48181818181818176,0.0,True,metasgd,B_fewshot_adapt_support_to_query,raw_inhouse_target,2,random_repeated,83,21
21,21,-1.1483238430132618e+54,3.2361688566139306e+26,3.2286874017353965e+26,0.5414792079776264,0.487012987012987,0.0,True,metasgd,B_fewshot_adapt_support_to_query,inhouse_percentile,2,random_repeated,83,21
21,21,0.11447933439543079,0.21188031046623218,0.19117642773089805,0.8051910148506852,0.838961038961039,0.6,True,supervised_ann,B_fewshot_adapt_support_to_query,raw_inhouse_target,2,random_repeated,83,21
21,21,-4.3002933893641835,0.6952627116892502,0.6522909925274906,0.5805598810728525,0.4896103896103896,0.4,True,supervised_ann,B_fewshot_adapt_support_to_query,inhouse_percentile,2,random_repeated,83,21
21,21,-6.463616267187591e+19,1686850944.5253396,1686850944.5253398,,,0.4,True,maml,B_fewshot_adapt_support_to_query,raw_inhouse_target,3,random_repeated,83,21
21,21,-6.2654181936406744e+16,68773622.4778121,68773622.25915751,0.06521140237800896,0.03692744729379982,0.4,True,maml,B_fewshot_adapt_support_to_query,inhouse_percentile,3,random_repeated,83,21
21,21,-3.7826688046233583e+39,1.290440797666529e+19,1.2884590987997823e+19,0.4890438598768728,0.3942838791906181,0.4,True,fomaml,B_fewshot_adapt_support_to_query,raw_inhouse_target,3,random_repeated,83,21
21,21,-1.678609685814418e+34,3.5597682953668024e+16,3.5535992778204308e+16,-0.14339424234588233,-0.3228321053669477,0.2,True,fomaml,B_fewshot_adapt_support_to_query,inhouse_percentile,3,random_repeated,83,21
21,21,-1.745735122902571e+26,2772222607360.5254,2772222607360.5254,,,0.4,True,metasgd,B_fewshot_adapt_support_to_query,raw_inhouse_target,3,random_repeated,83,21
21,21,-3.806179377179625e+50,5.360329594464569e+24,5.347137157937944e+24,0.5160270154212044,0.4176680960783648,0.4,True,metasgd,B_fewshot_adapt_support_to_query,inhouse_percentile,3,random_repeated,83,21
21,21,0.12152973987402849,0.19665385202204497,0.14327226183548974,0.7010417592255501,0.6086392006616296,0.6,True,supervised_ann,B_fewshot_adapt_support_to_query,raw_inhouse_target,3,random_repeated,83,21
21,21,-0.9427612843449789,0.3829627988470111,0.3376522033164899,0.6474062130884226,0.5254953183940857,0.4,True,supervised_ann,B_fewshot_adapt_support_to_query,inhouse_percentile,3,random_repeated,83,21
21,21,-2.031555533214667e+47,1.0365392975186812e+23,1.034022845829709e+23,0.5175402160061914,0.5155844155844156,0.2,True,maml,B_fewshot_adapt_support_to_query,raw_inhouse_target,4,random_repeated,83,21
21,21,-7.90909611659553e+20,7925112832.466575,7925112832.466575,,,0.0,True,maml,B_fewshot_adapt_support_to_query,inhouse_percentile,4,random_repeated,83,21
21,21,-2.4585801859360886e+17,114028552.4739052,114028552.47390522,,,0.0,True,fomaml,B_fewshot_adapt_support_to_query,raw_inhouse_target,4,random_repeated,83,21
21,21,-2.245405425444045e+24,422269205634.911,420256961877.79987,-0.62873587333127,-0.6467532467532467,0.0,True,fomaml,B_fewshot_adapt_support_to_query,inhouse_percentile,4,random_repeated,83,21
21,21,-4.014190637259026e+25,1457036460032.4739,1457036460032.4739,,,0.0,True,metasgd,B_fewshot_adapt_support_to_query,raw_inhouse_target,4,random_repeated,83,21
21,21,-5.0668369845099054e+51,2.0059056119244607e+25,2.0026554419963687e+25,0.5142174941564738,0.5194805194805194,0.2,True,metasgd,B_fewshot_adapt_support_to_query,inhouse_percentile,4,random_repeated,83,21
21,21,0.35288594020111785,0.18499578802429767,0.13817344455695682,0.6542395879695334,0.6571428571428571,0.4,True,supervised_ann,B_fewshot_adapt_support_to_query,raw_inhouse_target,4,random_repeated,83,21
21,21,0.17163589047219874,0.2564795035734099,0.2089145076239393,0.6524755220007576,0.6493506493506493,0.2,True,supervised_ann,B_fewshot_adapt_support_to_query,inhouse_percentile,4,random_repeated,83,21
21,21,-5.951376642279582e+21,16664863744.479427,16664863744.4637,-0.2524620266001045,-0.25849213105659874,0.0,True,maml,B_fewshot_adapt_support_to_query,raw_inhouse_target,5,random_repeated,83,21
21,21,-9.418947120699428e+21,27622118741.809788,27622118741.798992,-0.25360961422605593,-0.25849213105659874,0.0,True,maml,B_fewshot_adapt_support_to_query,inhouse_percentile,5,random_repeated,83,21
21,21,-2.2180649386954712e+36,3.217215686075525e+17,3.2118752627494874e+17,0.5482795338322876,0.5064935064935064,0.4,True,fomaml,B_fewshot_adapt_support_to_query,raw_inhouse_target,5,random_repeated,83,21
21,21,-1.3390909192317968e+40,3.293524064476402e+19,3.2882161447174906e+19,0.5592329534422187,0.5948051948051949,0.4,True,fomaml,B_fewshot_adapt_support_to_query,inhouse_percentile,5,random_repeated,83,21
21,21,-2.474280504074421e+53,1.0745274527795282e+26,1.0727198092149158e+26,0.58408732442683,0.5675324675324676,0.4,True,metasgd,B_fewshot_adapt_support_to_query,raw_inhouse_target,5,random_repeated,83,21
21,21,-1.1197355028306701e+26,3011712647168.466,3011712647168.4663,,,0.0,True,metasgd,B_fewshot_adapt_support_to_query,inhouse_percentile,5,random_repeated,83,21
21,21,-1.1224458672774755,0.3147105922565587,0.27504086575957215,0.22043537122010742,0.17792207792207793,0.2,True,supervised_ann,B_fewshot_adapt_support_to_query,raw_inhouse_target,5,random_repeated,83,21
21,21,-0.03656892447571525,0.28977098760644165,0.24948075072218975,0.0861487091494654,0.1753246753246753,0.2,True,supervised_ann,B_fewshot_adapt_support_to_query,inhouse_percentile,5,random_repeated,83,21
21,21,-1.0239990649702467e+23,66118267465.635735,66118267465.62699,0.12099945174485029,0.11078234188139947,0.2,True,maml,B_fewshot_adapt_support_to_query,raw_inhouse_target,6,random_repeated,83,21
21,21,-1.0517987710388207e+18,276796028.08052444,276796027.9235348,0.10773509063275487,0.11078234188139947,0.2,True,maml,B_fewshot_adapt_support_to_query,inhouse_percentile,6,random_repeated,83,21
21,21,-2.7126351223051846e+36,3.4030425177558163e+17,3.3953026889854234e+17,0.6369899048504448,0.5943488458968955,0.4,True,fomaml,B_fewshot_adapt_support_to_query,raw_inhouse_target,6,random_repeated,83,21
21,21,-5.18346155893214e+39,1.943137196821666e+19,1.9392795973516014e+19,0.6656510256885408,0.5982462153781867,0.4,True,fomaml,B_fewshot_adapt_support_to_query,inhouse_percentile,6,random_repeated,83,21
21,21,-9.151018900033449e+52,6.250379848301839e+25,6.2357968354660045e+25,0.6649972554177996,0.6177330627846422,0.4,True,metasgd,B_fewshot_adapt_support_to_query,raw_inhouse_target,6,random_repeated,83,21
21,21,-2.713406869274817e+54,4.445810880790148e+26,4.4356581914922746e+26,0.6060428246127624,0.4826242540998834,0.4,True,metasgd,B_fewshot_adapt_support_to_query,inhouse_percentile,6,random_repeated,83,21
21,21,0.27336475661158055,0.1761286125959062,0.1437066685191853,0.6479420106690752,0.6229295554263637,0.4,True,supervised_ann,B_fewshot_adapt_support_to_query,raw_inhouse_target,6,random_repeated,83,21
21,21,-8.077858143761464,0.813177250532992,0.7776892411389521,0.5820540919970181,0.5241961952336553,0.4,True,supervised_ann,B_fewshot_adapt_support_to_query,inhouse_percentile,6,random_repeated,83,21
21,21,-2.0992307848215886e+24,330003841024.4818,330003841024.48193,,,0.2,True,maml,B_fewshot_adapt_support_to_query,raw_inhouse_target,7,random_repeated,83,21
21,21,-2.548927331555163e+21,15391149056.494505,15391149056.494503,,,0.2,True,maml,B_fewshot_adapt_support_to_query,inhouse_percentile,7,random_repeated,83,21
21,21,-9.411381909706728e+36,6.987399913004998e+17,6.968618928392609e+17,0.505560163160854,0.5116883116883117,0.2,True,fomaml,B_fewshot_adapt_support_to_query,raw_inhouse_target,7,random_repeated,83,21
21,21,-8.416898742249076e+17,279684480.4945055,279684480.4945055,,,0.2,True,fomaml,B_fewshot_adapt_support_to_query,inhouse_percentile,7,random_repeated,83,21
21,21,-3.743895143010213e+53,1.3936404396411137e+26,1.3902148424270054e+26,0.5034123601190704,0.5103896103896104,0.2,True,metasgd,B_fewshot_adapt_support_to_query,raw_inhouse_target,7,random_repeated,83,21
21,21,-2.85172456827052e+53,1.6279689060088285e+26,1.6231002692616038e+26,0.4773561313771787,0.5103896103896104,0.2,True,metasgd,B_fewshot_adapt_support_to_query,inhouse_percentile,7,random_repeated,83,21
21,21,0.23946161690912704,0.1986321164270838,0.15217931244010208,0.6580354120698279,0.57486199849044,0.2,True,supervised_ann,B_fewshot_adapt_support_to_query,raw_inhouse_target,7,random_repeated,83,21
21,21,-3.0627263625627412,0.6144705925521156,0.5562534279943931,0.6013702021896604,0.6220779220779221,0.0,True,supervised_ann,B_fewshot_adapt_support_to_query,inhouse_percentile,7,random_repeated,83,21
21,21,-5.9487348044657675e+23,217596346368.50824,217596346368.50827,,,0.0,True,maml,B_fewshot_adapt_support_to_query,raw_inhouse_target,8,random_repeated,83,21
21,21,-1.0836881416167046e+18,364472352.5032051,364472352.5032052,,,0.0,True,maml,B_fewshot_adapt_support_to_query,inhouse_percentile,8,random_repeated,83,21
21,21,-4.318451649412697e+18,586277632.5082629,586277632.508263,,,0.0,True,fomaml,B_fewshot_adapt_support_to_query,raw_inhouse_target,8,random_repeated,83,21
21,21,-1.638435756223349e+18,448153856.50320506,448153856.50320506,,,0.0,True,fomaml,B_fewshot_adapt_support_to_query,inhouse_percentile,8,random_repeated,83,21
21,21,-3.900904876679061e+52,5.57213942581919e+25,5.5631805630435535e+25,0.7255013598434398,0.7515427483089705,0.4,True,metasgd,B_fewshot_adapt_support_to_query,raw_inhouse_target,8,random_repeated,83,21
21,21,-2.784467976234998e+54,5.8422958176299935e+26,5.835614030379007e+26,0.676172959059276,0.6632023733997053,0.4,True,metasgd,B_fewshot_adapt_support_to_query,inhouse_percentile,8,random_repeated,83,21
21,21,-0.0742608554420876,0.29241131251229696,0.2529513727859903,0.023206478634337432,-0.06493506493506493,0.2,True,supervised_ann,B_fewshot_adapt_support_to_query,raw_inhouse_target,8,random_repeated,83,21
21,21,0.5049205739745264,0.24634846969857602,0.20217289052726256,0.7966850639866672,0.7688311688311688,0.4,True,supervised_ann,B_fewshot_adapt_support_to_query,inhouse_percentile,8,random_repeated,83,21
21,21,-7.740693724696746e+22,62634885120.43947,62634885120.43947,,,0.0,True,maml,B_fewshot_adapt_support_to_query,raw_inhouse_target,9,random_repeated,83,21
21,21,-4.203359132974484e+21,19017365504.441853,19017365504.441853,,,0.0,True,maml,B_fewshot_adapt_support_to_query,inhouse_percentile,9,random_repeated,83,21
21,21,-4.8111135308227226e+17,156152573.405815,156152573.39184636,0.19692827003220456,0.14770978917519928,0.0,True,fomaml,B_fewshot_adapt_support_to_query,raw_inhouse_target,9,random_repeated,83,21
21,21,-1.8591682140711452e+16,39995529.207308635,39995529.20375459,0.19825702507709983,0.14770978917519928,0.0,True,fomaml,B_fewshot_adapt_support_to_query,inhouse_percentile,9,random_repeated,83,21
21,21,-2.7791270151145604e+26,3753017081856.4395,3753017081856.439,,,0.0,True,metasgd,B_fewshot_adapt_support_to_query,raw_inhouse_target,9,random_repeated,83,21
21,21,-9.21842923204245e+53,2.8163107167355532e+26,2.809534413035351e+26,0.7947035090503497,0.7870129870129869,0.6,True,metasgd,B_fewshot_adapt_support_to_query,inhouse_percentile,9,random_repeated,83,21
21,21,0.07186750670677022,0.2168859064204062,0.19003538143871632,0.4460561712507401,0.20129870129870128,0.2,True,supervised_ann,B_fewshot_adapt_support_to_query,raw_inhouse_target,9,random_repeated,83,21
21,21,0.03213397307361088,0.2885756800133016,0.20646328909233921,0.7130801042728632,0.7779220779220779,0.2,True,supervised_ann,B_fewshot_adapt_support_to_query,inhouse_percentile,9,random_repeated,83,21
21,21,-4.5447742220173496e+21,14936411136.487427,14936411136.48743,,,0.0,True,maml,B_fewshot_adapt_support_to_query,raw_inhouse_target,10,random_repeated,83,21
21,21,-1.6923460896751691e+22,36995928064.47848,36995928064.478485,,,0.0,True,maml,B_fewshot_adapt_support_to_query,inhouse_percentile,10,random_repeated,83,21
21,21,-4.360659529719797e+35,1.4630736629404934e+17,1.462330008626416e+17,0.6051768791305725,0.6077922077922078,0.8,True,fomaml,B_fewshot_adapt_support_to_query,raw_inhouse_target,10,random_repeated,83,21
21,21,-7.080343975076049e+33,2.3929659206939332e+16,2.3887431586096276e+16,0.6265449827422959,0.6194805194805195,0.8,True,fomaml,B_fewshot_adapt_support_to_query,inhouse_percentile,10,random_repeated,83,21
21,21,-1.4349553194405715e+54,2.6540511724999905e+26,2.6495988316811984e+26,0.6356012266528046,0.5714285714285714,0.4,True,metasgd,B_fewshot_adapt_support_to_query,raw_inhouse_target,10,random_repeated,83,21
21,21,-2.2259782061957224e+54,4.242968320542392e+26,4.2350738655946344e+26,0.6307925820318293,0.6506493506493506,0.4,True,metasgd,B_fewshot_adapt_support_to_query,inhouse_percentile,10,random_repeated,83,21
21,21,0.24093717447706942,0.19303184615801736,0.16013338741563046,0.5083067125109341,0.4194805194805195,0.6,True,supervised_ann,B_fewshot_adapt_support_to_query,raw_inhouse_target,10,random_repeated,83,21
21,21,0.04622357604224303,0.277736287969711,0.19299739368614696,0.66773949337419,0.7441558441558441,0.4,True,supervised_ann,B_fewshot_adapt_support_to_query,inhouse_percentile,10,random_repeated,83,21
21,21,-1.587366036222985e+42,3.120691065594603e+20,3.110859055095207e+20,0.48301180421774564,0.41298701298701296,0.2,True,maml,B_fewshot_adapt_support_to_query,raw_inhouse_target,11,random_repeated,83,21
21,21,-1.933938457200835e+18,440571840.5389194,440571840.5389193,,,0.0,True,maml,B_fewshot_adapt_support_to_query,inhouse_percentile,11,random_repeated,83,21
21,21,-1.0126600825919746e+41,7.882138854381493e+19,7.860628487410021e+19,0.5064913135306259,0.44155844155844154,0.2,True,fomaml,B_fewshot_adapt_support_to_query,raw_inhouse_target,11,random_repeated,83,21
21,21,-3.21334902863544e+16,56790325.890237585,56790323.20558609,0.1289491742356853,0.07644707871564382,0.0,True,fomaml,B_fewshot_adapt_support_to_query,inhouse_percentile,11,random_repeated,83,21
21,21,-2.639360623348306e+54,4.024033636491505e+26,4.014626454613305e+26,0.5087804067524471,0.44155844155844154,0.2,True,metasgd,B_fewshot_adapt_support_to_query,raw_inhouse_target,11,random_repeated,83,21
21,21,-1.6701293612422361e+50,4.0942133135733057e+24,4.082021869611996e+24,0.5084253577050816,0.43506493506493504,0.2,True,metasgd,B_fewshot_adapt_support_to_query,inhouse_percentile,11,random_repeated,83,21
21,21,0.13497323065240863,0.23037057666422114,0.18196132495274714,0.4589828590151464,0.48571428571428565,0.4,True,supervised_ann,B_fewshot_adapt_support_to_query,raw_inhouse_target,11,random_repeated,83,21
21,21,0.24315504839936464,0.27561247421915663,0.21916937468839542,0.769953276347336,0.7532467532467532,0.4,True,supervised_ann,B_fewshot_adapt_support_to_query,inhouse_percentile,11,random_repeated,83,21
21,21,-6.087235034609381e+19,1715428096.5144465,1715428096.5144467,,,0.0,True,maml,B_fewshot_adapt_support_to_query,raw_inhouse_target,12,random_repeated,83,21
21,21,-4.09611530760456e+23,198117097472.5325,198117097472.5325,,,0.0,True,maml,B_fewshot_adapt_support_to_query,inhouse_percentile,12,random_repeated,83,21
21,21,-7.339828776415174e+35,1.8836727193365846e+17,1.8798993890709466e+17,0.5039273220455,0.4332575740035293,0.2,True,fomaml,B_fewshot_adapt_support_to_query,raw_inhouse_target,12,random_repeated,83,21
21,21,-1.7175388575586013e+40,4.056851917797728e+19,4.048890551625548e+19,0.5406584933694905,0.47482951513730126,0.2,True,fomaml,B_fewshot_adapt_support_to_query,inhouse_percentile,12,random_repeated,83,21
21,21,-1.4732055695619888e+56,2.668665613736442e+27,2.662133065751556e+27,0.5440026031279582,0.4839233772603138,0.2,True,metasgd,B_fewshot_adapt_support_to_query,raw_inhouse_target,12,random_repeated,83,21
21,21,-6.735434732790398e+53,2.5404969970174103e+26,2.5340573690822755e+26,0.5560051898412077,0.4800260077790227,0.2,True,metasgd,B_fewshot_adapt_support_to_query,inhouse_percentile,12,random_repeated,83,21
21,21,-0.5882558240291513,0.2770911862642655,0.21837383377205893,0.6068130348420631,0.47612863829773155,0.4,True,supervised_ann,B_fewshot_adapt_support_to_query,raw_inhouse_target,12,random_repeated,83,21
21,21,0.3760958909195249,0.24450896809561531,0.2263087440459501,0.6582627045606565,0.5969470922177562,0.4,True,supervised_ann,B_fewshot_adapt_support_to_query,inhouse_percentile,12,random_repeated,83,21
21,21,-1.0832399691739549e+23,68085071872.51784,68085071872.51786,,,0.6,True,maml,B_fewshot_adapt_support_to_query,raw_inhouse_target,13,random_repeated,83,21
21,21,-3.484990812641792e+23,161086439424.5357,161086439424.5357,,,0.6,True,maml,B_fewshot_adapt_support_to_query,inhouse_percentile,13,random_repeated,83,21
21,21,-6.459847574511789e+36,5.257759266386895e+17,5.2498602248217434e+17,0.658416862763764,0.7090909090909091,0.4,True,fomaml,B_fewshot_adapt_support_to_query,raw_inhouse_target,13,random_repeated,83,21
21,21,-1.1648942753215344e+41,9.313253384918802e+19,9.300923796252847e+19,0.7447664259184275,0.7246753246753247,0.4,True,fomaml,B_fewshot_adapt_support_to_query,inhouse_percentile,13,random_repeated,83,21
21,21,-8.31350854349563e+25,1886173921280.5178,1886173921280.5183,,,0.6,True,metasgd,B_fewshot_adapt_support_to_query,raw_inhouse_target,13,random_repeated,83,21
21,21,-6.8971520509271e+25,2266173014016.5356,2266173014016.535,,,0.6,True,metasgd,B_fewshot_adapt_support_to_query,inhouse_percentile,13,random_repeated,83,21
21,21,-0.6823491045444083,0.2683166498910929,0.2109354952807111,0.46731349144135326,0.08961038961038961,0.0,True,supervised_ann,B_fewshot_adapt_support_to_query,raw_inhouse_target,13,random_repeated,83,21
21,21,0.43370948171339685,0.20534200982856013,0.18209325149655342,0.8937235139230308,0.8103896103896104,0.6,True,supervised_ann,B_fewshot_adapt_support_to_query,inhouse_percentile,13,random_repeated,83,21
21,21,-2.0243782519613762e+45,9.932683853770284e+21,9.920341126658723e+21,0.5195293482642829,0.40129870129870127,0.4,True,maml,B_fewshot_adapt_support_to_query,raw_inhouse_target,14,random_repeated,83,21
21,21,-6167527591275.669,742947.0359432878,742947.0359432275,,,0.4,True,maml,B_fewshot_adapt_support_to_query,inhouse_percentile,14,random_repeated,83,21
21,21,-4.644615528329809e+34,4.7576847962073096e+16,4.731463554254517e+16,-0.10799885405346632,-0.22467532467532467,0.0,True,fomaml,B_fewshot_adapt_support_to_query,raw_inhouse_target,14,random_repeated,83,21
21,21,-1.5296112971777823e+39,1.1700188135002946e+19,1.168190851914884e+19,0.5304379697392325,0.4922077922077922,0.4,True,fomaml,B_fewshot_adapt_support_to_query,inhouse_percentile,14,random_repeated,83,21
21,21,-9.193326425125333e+52,6.693559395529681e+25,6.68555410574147e+25,0.5301651063056201,0.47792207792207797,0.4,True,metasgd,B_fewshot_adapt_support_to_query,raw_inhouse_target,14,random_repeated,83,21
21,21,-1.205691941503918e+54,3.284887367114175e+26,3.280760170962912e+26,0.48469901521810865,0.42207792207792205,0.6,True,metasgd,B_fewshot_adapt_support_to_query,inhouse_percentile,14,random_repeated,83,21
21,21,0.3775450882771355,0.1741705527842466,0.15238330642668996,0.7399874044284566,0.7168831168831169,0.6,True,supervised_ann,B_fewshot_adapt_support_to_query,raw_inhouse_target,14,random_repeated,83,21
21,21,0.2983048188842281,0.2505973942812552,0.2089051916485741,0.6933129631032634,0.6454545454545455,0.6,True,supervised_ann,B_fewshot_adapt_support_to_query,inhouse_percentile,14,random_repeated,83,21
21,21,-1.173808022920195e+46,2.9435064125691137e+22,2.9354962806902345e+22,0.6988876585563315,0.7314063393222998,0.4,True,maml,B_fewshot_adapt_support_to_query,raw_inhouse_target,15,random_repeated,83,21
21,21,-631418791954409.8,8710595.462454218,8710595.462454213,,,0.8,True,maml,B_fewshot_adapt_support_to_query,inhouse_percentile,15,random_repeated,83,21
21,21,-1.7654560898585856e+17,114154992.45041882,114154992.45041882,,,0.8,True,fomaml,B_fewshot_adapt_support_to_query,raw_inhouse_target,15,random_repeated,83,21
21,21,-8.948880521453101e+35,3.27924185173267e+17,3.2720804617650176e+17,0.5198382141597253,0.6040922696001233,0.4,True,fomaml,B_fewshot_adapt_support_to_query,inhouse_percentile,15,random_repeated,83,21
21,21,-5.347801836998759e+54,6.28281254949937e+26,6.26701048327149e+26,0.713092563294611,0.7262098466805784,0.4,True,metasgd,B_fewshot_adapt_support_to_query,raw_inhouse_target,15,random_repeated,83,21
21,21,-1.5166180598051492e+26,4269010321408.4624,4269010321408.4614,,,0.8,True,metasgd,B_fewshot_adapt_support_to_query,inhouse_percentile,15,random_repeated,83,21
21,21,-0.2026076913490642,0.29793974246565186,0.2500047765287967,0.6152249517118195,0.5599220821454907,0.4,True,supervised_ann,B_fewshot_adapt_support_to_query,raw_inhouse_target,15,random_repeated,83,21
21,21,-0.05107452440834437,0.3553905276095271,0.2778908269302476,0.7138703374166148,0.7158168613971353,0.2,True,supervised_ann,B_fewshot_adapt_support_to_query,inhouse_percentile,15,random_repeated,83,21
21,21,-1.5249078704504564e+22,28962652160.531616,28962652160.531616,,,0.0,True,maml,B_fewshot_adapt_support_to_query,raw_inhouse_target,16,random_repeated,83,21
21,21,-1.750757759759598e+22,38777765888.53983,38777765888.53983,,,0.0,True,maml,B_fewshot_adapt_support_to_query,inhouse_percentile,16,random_repeated,83,21
21,21,-6.5649267846344136e+16,60094049.30449119,60094049.293520145,-0.10116993509792375,-0.11078234188139947,0.0,True,fomaml,B_fewshot_adapt_support_to_query,raw_inhouse_target,16,random_repeated,83,21
21,21,-1.6370090866534316e+18,374968943.77826047,374968943.7779304,-0.12367042450585161,-0.11078234188139947,0.0,True,fomaml,B_fewshot_adapt_support_to_query,inhouse_percentile,16,random_repeated,83,21
21,21,-2.1662387782631157e+54,3.4519912678934334e+26,3.4435120782239456e+26,0.6580317156481071,0.7701298701298702,0.6,True,metasgd,B_fewshot_adapt_support_to_query,raw_inhouse_target,16,random_repeated,83,21
21,21,-1.339693435889309e+25,1072685645824.5398,1072685645824.54,,,0.0,True,metasgd,B_fewshot_adapt_support_to_query,inhouse_percentile,16,random_repeated,83,21
21,21,-0.27729954914392607,0.2650714201791793,0.23325125467677393,0.792261934092589,0.7935064935064934,0.6,True,supervised_ann,B_fewshot_adapt_support_to_query,raw_inhouse_target,16,random_repeated,83,21
21,21,-0.2148278614239265,0.3230182993079814,0.2659500808055912,0.8038694461377797,0.8610389610389609,0.6,True,supervised_ann,B_fewshot_adapt_support_to_query,inhouse_percentile,16,random_repeated,83,21
21,21,-4.464806357811369e+16,41715288.477390304,41715288.477390304,,,0.2,True,maml,B_fewshot_adapt_support_to_query,raw_inhouse_target,17,random_repeated,83,21
21,21,-881793531210059.6,7685395.973901103,7685395.973901099,,,0.2,True,maml,B_fewshot_adapt_support_to_query,inhouse_percentile,17,random_repeated,83,21
21,21,-3.7263756764504126e+34,3.8109851410367e+16,3.798475703103371e+16,0.4070998636277797,0.44978896906079907,0.6,True,fomaml,B_fewshot_adapt_support_to_query,raw_inhouse_target,17,random_repeated,83,21
21,21,-4.76790980315291e+36,5.651279795247412e+17,5.6439141316532634e+17,0.4945788974936907,0.5134874068757677,0.6,True,fomaml,B_fewshot_adapt_support_to_query,inhouse_percentile,17,random_repeated,83,21
21,21,-8.689470597226367e+52,5.819565978287482e+25,5.8159127495933355e+25,0.5624507560493751,0.5277870561811688,0.6,True,metasgd,B_fewshot_adapt_support_to_query,raw_inhouse_target,17,random_repeated,83,21
21,21,-4.2974405170068104e+55,1.6966323023188147e+27,1.6938206026029798e+27,0.5057509166921038,0.5134874068757677,0.6,True,metasgd,B_fewshot_adapt_support_to_query,inhouse_percentile,17,random_repeated,83,21
21,21,-0.6786729207396125,0.25578612321098276,0.22128853326355907,0.5072191319932411,0.382066357458177,0.2,True,supervised_ann,B_fewshot_adapt_support_to_query,raw_inhouse_target,17,random_repeated,83,21
21,21,-28.0892613167414,1.3958833941343354,1.3649553009530617,0.21028570610349606,0.09096818034718498,0.0,True,supervised_ann,B_fewshot_adapt_support_to_query,inhouse_percentile,17,random_repeated,83,21
21,21,-5.113721855573091e+40,5.327761381386857e+19,5.315344516869369e+19,0.5301836067482276,0.45584415584415583,0.0,True,maml,B_fewshot_adapt_support_to_query,raw_inhouse_target,18,random_repeated,83,21
21,21,-2.543572579918599e+21,16346529792.571886,16346529792.571884,,,0.2,True,maml,B_fewshot_adapt_support_to_query,inhouse_percentile,18,random_repeated,83,21
21,21,-4.5286029891107833e+36,5.013699940846433e+17,5.004073955712041e+17,0.563626372885166,0.45714285714285713,0.0,True,fomaml,B_fewshot_adapt_support_to_query,raw_inhouse_target,18,random_repeated,83,21
21,21,-4.689752377201504e+37,2.219619129928875e+18,2.2158379363472008e+18,0.5858700294125886,0.4727272727272727,0.0,True,fomaml,B_fewshot_adapt_support_to_query,inhouse_percentile,18,random_repeated,83,21
21,21,-4.7250123720092803e+55,1.6194878322998285e+27,1.6169113409472224e+27,0.6256034910779389,0.4805194805194805,0.0,True,metasgd,B_fewshot_adapt_support_to_query,raw_inhouse_target,18,random_repeated,83,21
21,21,-6.091916563576716e+52,7.999824808413945e+25,7.981110578974716e+25,0.563024511919291,0.44155844155844154,0.0,True,metasgd,B_fewshot_adapt_support_to_query,inhouse_percentile,18,random_repeated,83,21
21,21,-0.3232365702875215,0.27101601917965595,0.23640043940638775,0.2970111701808175,0.18181818181818182,0.0,True,supervised_ann,B_fewshot_adapt_support_to_query,raw_inhouse_target,18,random_repeated,83,21
21,21,0.02190580220498195,0.32054857041376633,0.2683961002954415,0.5683999680741532,0.425974025974026,0.4,True,supervised_ann,B_fewshot_adapt_support_to_query,inhouse_percentile,18,random_repeated,83,21
21,21,-1.0376744426875277e+38,2.2128618199826647e+18,2.1948664144042394e+18,0.3373921101252191,0.2916531495166187,0.4,True,maml,B_fewshot_adapt_support_to_query,raw_inhouse_target,19,random_repeated,83,21
21,21,-1.5872992932146104e+16,38012784.52930403,38012784.52930401,,,0.4,True,maml,B_fewshot_adapt_support_to_query,inhouse_percentile,19,random_repeated,83,21
21,21,-1.811484848777529e+40,2.923755746675201e+19,2.916373344002317e+19,0.3096776323942938,0.23968822309940374,0.4,True,fomaml,B_fewshot_adapt_support_to_query,raw_inhouse_target,19,random_repeated,83,21
21,21,-6.109858495723417e+36,7.457887854487754e+17,7.43435313970064e+17,0.26055620639171845,0.21500488305122667,0.4,True,fomaml,B_fewshot_adapt_support_to_query,inhouse_percentile,19,random_repeated,83,21
21,21,-1.2600686139660576e+26,2438489178112.514,2438489178112.5137,,,0.4,True,metasgd,B_fewshot_adapt_support_to_query,raw_inhouse_target,19,random_repeated,83,21
21,21,-1.0958895144656762e+52,3.158520196628624e+25,3.1531908382968718e+25,0.31127571251946623,0.31113999692307426,0.4,True,metasgd,B_fewshot_adapt_support_to_query,inhouse_percentile,19,random_repeated,83,21
21,21,0.2854355319825135,0.18363034236361256,0.15503133878639058,0.5723839723752312,0.5441558441558442,0.4,True,supervised_ann,B_fewshot_adapt_support_to_query,raw_inhouse_target,19,random_repeated,83,21
21,21,-0.00042307448480016774,0.30178115925439775,0.266131171867961,0.5871154738349437,0.5311688311688313,0.2,True,supervised_ann,B_fewshot_adapt_support_to_query,inhouse_percentile,19,random_repeated,83,21
